Title,Assign,Description,"Start Date","Due Date"
3740032
7906824
8037131
3771653
7932246
4527091
6436945
6544074
5205487
3816084
943306
7937067
299096
5912983
6450497
5902685
3807412
7888003
3792559
5906386
5157055
2879590
5215146
7904445
9464071
13840801
8012579
3808762
3001170
943291
4481102
3564379
3804999
4478236
943399
9331198
7977714
4414684
3742351
3596169
3817413
7924833
6508046
3752529
928410
3768059
8842044
3149906
8671442
3589118
7877944
8832277
943231
937360-1u
3802462
3752572
8416458
8792119
973085
7904448
855229
446196
3621312
7915035
7948408
964567
1529296
6496080
3774029
8829329
22895308
2879162
932097-1F
5162106
3752885
5182513
3123190
8037851
3775688
859182
6458484
9409050
6450495
959361
5240207
4501568
7938705
5193715
4470523
851382
6477588
4524553
4412300
3618738
5901510
3775862
6433746
7964511
3742585
12648608
928464
14198343
3748500
996107
5232864
4413319
5914150
3582282
4416460
3572976
12404911
3008-200757G
3721826
4434065
9505197
6414662
4407841
7908234
9407794
5155755
3746270
6558156
